trade_date,official_session,report_type,source_page,resolved_url,HTTP_status,content_type,filename,file_available,valid_archive,parse_status,row_count,FUTSTK_row_count,source_format,SHA256,failure_classification
2006-01-31,True,bhavcopy,https://www.nseindia.com/all-reports-derivatives,https://archives.nseindia.com/content/historical/DERIVATIVES/2006/JAN/fo31JAN2006bhav.csv.zip,403,,fo31JAN2006bhav.csv.zip,False,False,NOT_ATTEMPTED,0,0,LEGACY_FO_BHAVCOPY,,ACCESS_DENIED
2006-01-31,True,bhavcopy,https://www.nseindia.com/all-reports-derivatives,https://nsearchives.nseindia.com/content/fo/BhavCopy_NSE_FO_0_0_0_20060131_F_0000.csv.zip,404,text/html;charset=UTF-8,BhavCopy_NSE_FO_0_0_0_20060131_F_0000.csv.zip,False,False,NOT_ATTEMPTED,0,0,UDIFF_FO_BHAVCOPY,,NOT_PUBLISHED_FOR_DATE
2006-01-31,True,contract,https://www.nseindia.com/all-reports-derivatives,https://nsearchives.nseindia.com/content/fo/NSE_FO_contract_31012006.csv.gz,404,text/html;charset=UTF-8,NSE_FO_contract_31012006.csv.gz,False,False,NOT_ATTEMPTED,0,0,MII_FO_CONTRACT_FILE,,NOT_PUBLISHED_FOR_DATE
2006-01-31,True,settlement,https://www.nseindia.com/all-reports-derivatives,https://nsearchives.nseindia.com/content/fo/fo_settlement_31012006.csv,404,text/html;charset=UTF-8,fo_settlement_31012006.csv,False,False,NOT_ATTEMPTED,0,0,FO_DAILY_SETTLEMENT,,NOT_PUBLISHED_FOR_DATE
2006-01-31,True,span_eod,https://www.nseindia.com/all-reports-derivatives,https://nsearchives.nseindia.com/content/fo/nsccl.20060131.s.zip,404,text/html;charset=UTF-8,nsccl.20060131.s.zip,False,False,NOT_ATTEMPTED,0,0,FO_SPAN_EOD,,NOT_PUBLISHED_FOR_DATE
2006-01-31,True,span_bod,https://www.nseindia.com/all-reports-derivatives,https://nsearchives.nseindia.com/content/fo/nsccl.20060131.i01.zip,404,text/html;charset=UTF-8,nsccl.20060131.i01.zip,False,False,NOT_ATTEMPTED,0,0,FO_SPAN_BOD,,NOT_PUBLISHED_FOR_DATE
2010-01-29,True,bhavcopy,https://www.nseindia.com/all-reports-derivatives,https://archives.nseindia.com/content/historical/DERIVATIVES/2010/JAN/fo29JAN2010bhav.csv.zip,403,,fo29JAN2010bhav.csv.zip,False,False,NOT_ATTEMPTED,0,0,LEGACY_FO_BHAVCOPY,,ACCESS_DENIED
2010-01-29,True,bhavcopy,https://www.nseindia.com/all-reports-derivatives,https://nsearchives.nseindia.com/content/fo/BhavCopy_NSE_FO_0_0_0_20100129_F_0000.csv.zip,404,text/html;charset=UTF-8,BhavCopy_NSE_FO_0_0_0_20100129_F_0000.csv.zip,False,False,NOT_ATTEMPTED,0,0,UDIFF_FO_BHAVCOPY,,NOT_PUBLISHED_FOR_DATE
2010-01-29,True,contract,https://www.nseindia.com/all-reports-derivatives,https://nsearchives.nseindia.com/content/fo/NSE_FO_contract_29012010.csv.gz,404,text/html;charset=UTF-8,NSE_FO_contract_29012010.csv.gz,False,False,NOT_ATTEMPTED,0,0,MII_FO_CONTRACT_FILE,,NOT_PUBLISHED_FOR_DATE
2010-01-29,True,settlement,https://www.nseindia.com/all-reports-derivatives,https://nsearchives.nseindia.com/content/fo/fo_settlement_29012010.csv,404,text/html;charset=UTF-8,fo_settlement_29012010.csv,False,False,NOT_ATTEMPTED,0,0,FO_DAILY_SETTLEMENT,,NOT_PUBLISHED_FOR_DATE
2010-01-29,True,span_eod,https://www.nseindia.com/all-reports-derivatives,https://nsearchives.nseindia.com/content/fo/nsccl.20100129.s.zip,404,text/html;charset=UTF-8,nsccl.20100129.s.zip,False,False,NOT_ATTEMPTED,0,0,FO_SPAN_EOD,,NOT_PUBLISHED_FOR_DATE
2010-01-29,True,span_bod,https://www.nseindia.com/all-reports-derivatives,https://nsearchives.nseindia.com/content/fo/nsccl.20100129.i01.zip,404,text/html;charset=UTF-8,nsccl.20100129.i01.zip,False,False,NOT_ATTEMPTED,0,0,FO_SPAN_BOD,,NOT_PUBLISHED_FOR_DATE
2013-01-31,True,bhavcopy,https://www.nseindia.com/all-reports-derivatives,https://archives.nseindia.com/content/historical/DERIVATIVES/2013/JAN/fo31JAN2013bhav.csv.zip,403,,fo31JAN2013bhav.csv.zip,False,False,NOT_ATTEMPTED,0,0,LEGACY_FO_BHAVCOPY,,ACCESS_DENIED
2013-01-31,True,bhavcopy,https://www.nseindia.com/all-reports-derivatives,https://nsearchives.nseindia.com/content/fo/BhavCopy_NSE_FO_0_0_0_20130131_F_0000.csv.zip,404,text/html;charset=UTF-8,BhavCopy_NSE_FO_0_0_0_20130131_F_0000.csv.zip,False,False,NOT_ATTEMPTED,0,0,UDIFF_FO_BHAVCOPY,,NOT_PUBLISHED_FOR_DATE
2013-01-31,True,contract,https://www.nseindia.com/all-reports-derivatives,https://nsearchives.nseindia.com/content/fo/NSE_FO_contract_31012013.csv.gz,404,text/html;charset=UTF-8,NSE_FO_contract_31012013.csv.gz,False,False,NOT_ATTEMPTED,0,0,MII_FO_CONTRACT_FILE,,NOT_PUBLISHED_FOR_DATE
2013-01-31,True,settlement,https://www.nseindia.com/all-reports-derivatives,https://nsearchives.nseindia.com/content/fo/fo_settlement_31012013.csv,404,text/html;charset=UTF-8,fo_settlement_31012013.csv,False,False,NOT_ATTEMPTED,0,0,FO_DAILY_SETTLEMENT,,NOT_PUBLISHED_FOR_DATE
2013-01-31,True,span_eod,https://www.nseindia.com/all-reports-derivatives,https://nsearchives.nseindia.com/content/fo/nsccl.20130131.s.zip,404,text/html;charset=UTF-8,nsccl.20130131.s.zip,False,False,NOT_ATTEMPTED,0,0,FO_SPAN_EOD,,NOT_PUBLISHED_FOR_DATE
2013-01-31,True,span_bod,https://www.nseindia.com/all-reports-derivatives,https://nsearchives.nseindia.com/content/fo/nsccl.20130131.i01.zip,404,text/html;charset=UTF-8,nsccl.20130131.i01.zip,False,False,NOT_ATTEMPTED,0,0,FO_SPAN_BOD,,NOT_PUBLISHED_FOR_DATE
2016-01-29,True,bhavcopy,https://www.nseindia.com/all-reports-derivatives,https://archives.nseindia.com/content/historical/DERIVATIVES/2016/JAN/fo29JAN2016bhav.csv.zip,200,application/zip,fo29JAN2016bhav.csv.zip,True,True,AVAILABLE_AND_PARSEABLE,32573,498,LEGACY_FO_BHAVCOPY,12c6119047f4c955d3de252bfc2281c55a0875c54e5eecce5ebdb7afa26b23b2,
2016-01-29,True,bhavcopy,https://www.nseindia.com/all-reports-derivatives,https://nsearchives.nseindia.com/content/fo/BhavCopy_NSE_FO_0_0_0_20160129_F_0000.csv.zip,404,text/html;charset=UTF-8,BhavCopy_NSE_FO_0_0_0_20160129_F_0000.csv.zip,False,False,NOT_ATTEMPTED,0,0,UDIFF_FO_BHAVCOPY,,NOT_PUBLISHED_FOR_DATE
2016-01-29,True,contract,https://www.nseindia.com/all-reports-derivatives,https://nsearchives.nseindia.com/content/fo/NSE_FO_contract_29012016.csv.gz,404,text/html;charset=UTF-8,NSE_FO_contract_29012016.csv.gz,False,False,NOT_ATTEMPTED,0,0,MII_FO_CONTRACT_FILE,,NOT_PUBLISHED_FOR_DATE
2016-01-29,True,settlement,https://www.nseindia.com/all-reports-derivatives,https://nsearchives.nseindia.com/content/fo/fo_settlement_29012016.csv,404,text/html;charset=UTF-8,fo_settlement_29012016.csv,False,False,NOT_ATTEMPTED,0,0,FO_DAILY_SETTLEMENT,,NOT_PUBLISHED_FOR_DATE
2016-01-29,True,span_eod,https://www.nseindia.com/all-reports-derivatives,https://nsearchives.nseindia.com/content/fo/nsccl.20160129.s.zip,404,text/html;charset=UTF-8,nsccl.20160129.s.zip,False,False,NOT_ATTEMPTED,0,0,FO_SPAN_EOD,,NOT_PUBLISHED_FOR_DATE
2016-01-29,True,span_bod,https://www.nseindia.com/all-reports-derivatives,https://nsearchives.nseindia.com/content/fo/nsccl.20160129.i01.zip,404,text/html;charset=UTF-8,nsccl.20160129.i01.zip,False,False,NOT_ATTEMPTED,0,0,FO_SPAN_BOD,,NOT_PUBLISHED_FOR_DATE
2018-12-24,True,bhavcopy,https://www.nseindia.com/all-reports-derivatives,https://archives.nseindia.com/content/historical/DERIVATIVES/2018/DEC/fo24DEC2018bhav.csv.zip,200,application/zip,fo24DEC2018bhav.csv.zip,True,True,AVAILABLE_AND_PARSEABLE,43050,602,LEGACY_FO_BHAVCOPY,9ad2c9188b323c27e4a1e393dd4d0d3ec3afd3d74476511680d4f162feb044e1,
2018-12-24,True,bhavcopy,https://www.nseindia.com/all-reports-derivatives,https://nsearchives.nseindia.com/content/fo/BhavCopy_NSE_FO_0_0_0_20181224_F_0000.csv.zip,404,text/html;charset=UTF-8,BhavCopy_NSE_FO_0_0_0_20181224_F_0000.csv.zip,False,False,NOT_ATTEMPTED,0,0,UDIFF_FO_BHAVCOPY,,NOT_PUBLISHED_FOR_DATE
2018-12-24,True,contract,https://www.nseindia.com/all-reports-derivatives,https://nsearchives.nseindia.com/content/fo/NSE_FO_contract_24122018.csv.gz,404,text/html;charset=UTF-8,NSE_FO_contract_24122018.csv.gz,False,False,NOT_ATTEMPTED,0,0,MII_FO_CONTRACT_FILE,,NOT_PUBLISHED_FOR_DATE
2018-12-24,True,settlement,https://www.nseindia.com/all-reports-derivatives,https://nsearchives.nseindia.com/content/fo/fo_settlement_24122018.csv,404,text/html;charset=UTF-8,fo_settlement_24122018.csv,False,False,NOT_ATTEMPTED,0,0,FO_DAILY_SETTLEMENT,,NOT_PUBLISHED_FOR_DATE
2018-12-24,True,span_eod,https://www.nseindia.com/all-reports-derivatives,https://nsearchives.nseindia.com/content/fo/nsccl.20181224.s.zip,404,text/html;charset=UTF-8,nsccl.20181224.s.zip,False,False,NOT_ATTEMPTED,0,0,FO_SPAN_EOD,,NOT_PUBLISHED_FOR_DATE
2018-12-24,True,span_bod,https://www.nseindia.com/all-reports-derivatives,https://nsearchives.nseindia.com/content/fo/nsccl.20181224.i01.zip,404,text/html;charset=UTF-8,nsccl.20181224.i01.zip,False,False,NOT_ATTEMPTED,0,0,FO_SPAN_BOD,,NOT_PUBLISHED_FOR_DATE
2018-12-26,True,bhavcopy,https://www.nseindia.com/all-reports-derivatives,https://archives.nseindia.com/content/historical/DERIVATIVES/2018/DEC/fo26DEC2018bhav.csv.zip,200,application/zip,fo26DEC2018bhav.csv.zip,True,True,AVAILABLE_AND_PARSEABLE,43072,602,LEGACY_FO_BHAVCOPY,43770dd97ec0b189e4d49f8bf91a62e9e37a163d9ac988277bf6f65d9016f07b,
2018-12-26,True,bhavcopy,https://www.nseindia.com/all-reports-derivatives,https://nsearchives.nseindia.com/content/fo/BhavCopy_NSE_FO_0_0_0_20181226_F_0000.csv.zip,404,text/html;charset=UTF-8,BhavCopy_NSE_FO_0_0_0_20181226_F_0000.csv.zip,False,False,NOT_ATTEMPTED,0,0,UDIFF_FO_BHAVCOPY,,NOT_PUBLISHED_FOR_DATE
2018-12-26,True,contract,https://www.nseindia.com/all-reports-derivatives,https://nsearchives.nseindia.com/content/fo/NSE_FO_contract_26122018.csv.gz,404,text/html;charset=UTF-8,NSE_FO_contract_26122018.csv.gz,False,False,NOT_ATTEMPTED,0,0,MII_FO_CONTRACT_FILE,,NOT_PUBLISHED_FOR_DATE
2018-12-26,True,settlement,https://www.nseindia.com/all-reports-derivatives,https://nsearchives.nseindia.com/content/fo/fo_settlement_26122018.csv,404,text/html;charset=UTF-8,fo_settlement_26122018.csv,False,False,NOT_ATTEMPTED,0,0,FO_DAILY_SETTLEMENT,,NOT_PUBLISHED_FOR_DATE
2018-12-26,True,span_eod,https://www.nseindia.com/all-reports-derivatives,https://nsearchives.nseindia.com/content/fo/nsccl.20181226.s.zip,404,text/html;charset=UTF-8,nsccl.20181226.s.zip,False,False,NOT_ATTEMPTED,0,0,FO_SPAN_EOD,,NOT_PUBLISHED_FOR_DATE
2018-12-26,True,span_bod,https://www.nseindia.com/all-reports-derivatives,https://nsearchives.nseindia.com/content/fo/nsccl.20181226.i01.zip,404,text/html;charset=UTF-8,nsccl.20181226.i01.zip,False,False,NOT_ATTEMPTED,0,0,FO_SPAN_BOD,,NOT_PUBLISHED_FOR_DATE
2018-12-27,True,bhavcopy,https://www.nseindia.com/all-reports-derivatives,https://archives.nseindia.com/content/historical/DERIVATIVES/2018/DEC/fo27DEC2018bhav.csv.zip,200,application/zip,fo27DEC2018bhav.csv.zip,True,True,AVAILABLE_AND_PARSEABLE,43084,602,LEGACY_FO_BHAVCOPY,178b709c4a70d2249a05e0b7d329dc68d880acbb6c0f2ee6f738ed1d3d0a6f20,
2018-12-27,True,bhavcopy,https://www.nseindia.com/all-reports-derivatives,https://nsearchives.nseindia.com/content/fo/BhavCopy_NSE_FO_0_0_0_20181227_F_0000.csv.zip,404,text/html;charset=UTF-8,BhavCopy_NSE_FO_0_0_0_20181227_F_0000.csv.zip,False,False,NOT_ATTEMPTED,0,0,UDIFF_FO_BHAVCOPY,,NOT_PUBLISHED_FOR_DATE
2018-12-27,True,contract,https://www.nseindia.com/all-reports-derivatives,https://nsearchives.nseindia.com/content/fo/NSE_FO_contract_27122018.csv.gz,404,text/html;charset=UTF-8,NSE_FO_contract_27122018.csv.gz,False,False,NOT_ATTEMPTED,0,0,MII_FO_CONTRACT_FILE,,NOT_PUBLISHED_FOR_DATE
2018-12-27,True,settlement,https://www.nseindia.com/all-reports-derivatives,https://nsearchives.nseindia.com/content/fo/fo_settlement_27122018.csv,404,text/html;charset=UTF-8,fo_settlement_27122018.csv,False,False,NOT_ATTEMPTED,0,0,FO_DAILY_SETTLEMENT,,NOT_PUBLISHED_FOR_DATE
2018-12-27,True,span_eod,https://www.nseindia.com/all-reports-derivatives,https://nsearchives.nseindia.com/content/fo/nsccl.20181227.s.zip,404,text/html;charset=UTF-8,nsccl.20181227.s.zip,False,False,NOT_ATTEMPTED,0,0,FO_SPAN_EOD,,NOT_PUBLISHED_FOR_DATE
2018-12-27,True,span_bod,https://www.nseindia.com/all-reports-derivatives,https://nsearchives.nseindia.com/content/fo/nsccl.20181227.i01.zip,404,text/html;charset=UTF-8,nsccl.20181227.i01.zip,False,False,NOT_ATTEMPTED,0,0,FO_SPAN_BOD,,NOT_PUBLISHED_FOR_DATE
2018-12-28,True,bhavcopy,https://www.nseindia.com/all-reports-derivatives,https://archives.nseindia.com/content/historical/DERIVATIVES/2018/DEC/fo28DEC2018bhav.csv.zip,200,application/zip,fo28DEC2018bhav.csv.zip,True,True,AVAILABLE_AND_PARSEABLE,39778,597,LEGACY_FO_BHAVCOPY,828d2cf636878b952cfd0f5256d8c7309539e70c3cf3f081f1a6f120ea8fc4c4,
2018-12-28,True,bhavcopy,https://www.nseindia.com/all-reports-derivatives,https://nsearchives.nseindia.com/content/fo/BhavCopy_NSE_FO_0_0_0_20181228_F_0000.csv.zip,404,text/html;charset=UTF-8,BhavCopy_NSE_FO_0_0_0_20181228_F_0000.csv.zip,False,False,NOT_ATTEMPTED,0,0,UDIFF_FO_BHAVCOPY,,NOT_PUBLISHED_FOR_DATE
2018-12-28,True,contract,https://www.nseindia.com/all-reports-derivatives,https://nsearchives.nseindia.com/content/fo/NSE_FO_contract_28122018.csv.gz,404,text/html;charset=UTF-8,NSE_FO_contract_28122018.csv.gz,False,False,NOT_ATTEMPTED,0,0,MII_FO_CONTRACT_FILE,,NOT_PUBLISHED_FOR_DATE
2018-12-28,True,settlement,https://www.nseindia.com/all-reports-derivatives,https://nsearchives.nseindia.com/content/fo/fo_settlement_28122018.csv,404,text/html;charset=UTF-8,fo_settlement_28122018.csv,False,False,NOT_ATTEMPTED,0,0,FO_DAILY_SETTLEMENT,,NOT_PUBLISHED_FOR_DATE
2018-12-28,True,span_eod,https://www.nseindia.com/all-reports-derivatives,https://nsearchives.nseindia.com/content/fo/nsccl.20181228.s.zip,404,text/html;charset=UTF-8,nsccl.20181228.s.zip,False,False,NOT_ATTEMPTED,0,0,FO_SPAN_EOD,,NOT_PUBLISHED_FOR_DATE
2018-12-28,True,span_bod,https://www.nseindia.com/all-reports-derivatives,https://nsearchives.nseindia.com/content/fo/nsccl.20181228.i01.zip,404,text/html;charset=UTF-8,nsccl.20181228.i01.zip,False,False,NOT_ATTEMPTED,0,0,FO_SPAN_BOD,,NOT_PUBLISHED_FOR_DATE
2018-12-31,True,bhavcopy,https://www.nseindia.com/all-reports-derivatives,https://archives.nseindia.com/content/historical/DERIVATIVES/2018/DEC/fo31DEC2018bhav.csv.zip,200,application/zip,fo31DEC2018bhav.csv.zip,True,True,AVAILABLE_AND_PARSEABLE,39890,597,LEGACY_FO_BHAVCOPY,cce6415d6fe211ae991d9528183d86c296c40029da005950ed8152c0dbfefcff,
2018-12-31,True,bhavcopy,https://www.nseindia.com/all-reports-derivatives,https://nsearchives.nseindia.com/content/fo/BhavCopy_NSE_FO_0_0_0_20181231_F_0000.csv.zip,404,text/html;charset=UTF-8,BhavCopy_NSE_FO_0_0_0_20181231_F_0000.csv.zip,False,False,NOT_ATTEMPTED,0,0,UDIFF_FO_BHAVCOPY,,NOT_PUBLISHED_FOR_DATE
2018-12-31,True,contract,https://www.nseindia.com/all-reports-derivatives,https://nsearchives.nseindia.com/content/fo/NSE_FO_contract_31122018.csv.gz,404,text/html;charset=UTF-8,NSE_FO_contract_31122018.csv.gz,False,False,NOT_ATTEMPTED,0,0,MII_FO_CONTRACT_FILE,,NOT_PUBLISHED_FOR_DATE
2018-12-31,True,settlement,https://www.nseindia.com/all-reports-derivatives,https://nsearchives.nseindia.com/content/fo/fo_settlement_31122018.csv,404,text/html;charset=UTF-8,fo_settlement_31122018.csv,False,False,NOT_ATTEMPTED,0,0,FO_DAILY_SETTLEMENT,,NOT_PUBLISHED_FOR_DATE
2018-12-31,True,span_eod,https://www.nseindia.com/all-reports-derivatives,https://nsearchives.nseindia.com/content/fo/nsccl.20181231.s.zip,404,text/html;charset=UTF-8,nsccl.20181231.s.zip,False,False,NOT_ATTEMPTED,0,0,FO_SPAN_EOD,,NOT_PUBLISHED_FOR_DATE
2018-12-31,True,span_bod,https://www.nseindia.com/all-reports-derivatives,https://nsearchives.nseindia.com/content/fo/nsccl.20181231.i01.zip,404,text/html;charset=UTF-8,nsccl.20181231.i01.zip,False,False,NOT_ATTEMPTED,0,0,FO_SPAN_BOD,,NOT_PUBLISHED_FOR_DATE
2019-01-31,True,bhavcopy,https://www.nseindia.com/all-reports-derivatives,https://archives.nseindia.com/content/historical/DERIVATIVES/2019/JAN/fo31JAN2019bhav.csv.zip,200,application/zip,fo31JAN2019bhav.csv.zip,True,True,AVAILABLE_AND_PARSEABLE,41222,597,LEGACY_FO_BHAVCOPY,b86d25ce03befd38d7fe78c90c551b41e79f3df892ed43a04772a0c62f53ee9c,
2019-01-31,True,bhavcopy,https://www.nseindia.com/all-reports-derivatives,https://nsearchives.nseindia.com/content/fo/BhavCopy_NSE_FO_0_0_0_20190131_F_0000.csv.zip,404,text/html;charset=UTF-8,BhavCopy_NSE_FO_0_0_0_20190131_F_0000.csv.zip,False,False,NOT_ATTEMPTED,0,0,UDIFF_FO_BHAVCOPY,,NOT_PUBLISHED_FOR_DATE
2019-01-31,True,contract,https://www.nseindia.com/all-reports-derivatives,https://nsearchives.nseindia.com/content/fo/NSE_FO_contract_31012019.csv.gz,404,text/html;charset=UTF-8,NSE_FO_contract_31012019.csv.gz,False,False,NOT_ATTEMPTED,0,0,MII_FO_CONTRACT_FILE,,NOT_PUBLISHED_FOR_DATE
2019-01-31,True,settlement,https://www.nseindia.com/all-reports-derivatives,https://nsearchives.nseindia.com/content/fo/fo_settlement_31012019.csv,404,text/html;charset=UTF-8,fo_settlement_31012019.csv,False,False,NOT_ATTEMPTED,0,0,FO_DAILY_SETTLEMENT,,NOT_PUBLISHED_FOR_DATE
2019-01-31,True,span_eod,https://www.nseindia.com/all-reports-derivatives,https://nsearchives.nseindia.com/content/fo/nsccl.20190131.s.zip,404,text/html;charset=UTF-8,nsccl.20190131.s.zip,False,False,NOT_ATTEMPTED,0,0,FO_SPAN_EOD,,NOT_PUBLISHED_FOR_DATE
2019-01-31,True,span_bod,https://www.nseindia.com/all-reports-derivatives,https://nsearchives.nseindia.com/content/fo/nsccl.20190131.i01.zip,404,text/html;charset=UTF-8,nsccl.20190131.i01.zip,False,False,NOT_ATTEMPTED,0,0,FO_SPAN_BOD,,NOT_PUBLISHED_FOR_DATE
2023-01-31,True,bhavcopy,https://www.nseindia.com/all-reports-derivatives,https://archives.nseindia.com/content/historical/DERIVATIVES/2023/JAN/fo31JAN2023bhav.csv.zip,200,application/zip,fo31JAN2023bhav.csv.zip,True,True,AVAILABLE_AND_PARSEABLE,45267,571,LEGACY_FO_BHAVCOPY,ecd3761c792a082f30c1d77e83247c3b9640f5d1f8ed4124c005963bd8f83c97,
2023-01-31,True,bhavcopy,https://www.nseindia.com/all-reports-derivatives,https://nsearchives.nseindia.com/content/fo/BhavCopy_NSE_FO_0_0_0_20230131_F_0000.csv.zip,404,text/html;charset=UTF-8,BhavCopy_NSE_FO_0_0_0_20230131_F_0000.csv.zip,False,False,NOT_ATTEMPTED,0,0,UDIFF_FO_BHAVCOPY,,NOT_PUBLISHED_FOR_DATE
2023-01-31,True,contract,https://www.nseindia.com/all-reports-derivatives,https://nsearchives.nseindia.com/content/fo/NSE_FO_contract_31012023.csv.gz,404,text/html;charset=UTF-8,NSE_FO_contract_31012023.csv.gz,False,False,NOT_ATTEMPTED,0,0,MII_FO_CONTRACT_FILE,,NOT_PUBLISHED_FOR_DATE
2023-01-31,True,settlement,https://www.nseindia.com/all-reports-derivatives,https://nsearchives.nseindia.com/content/fo/fo_settlement_31012023.csv,404,text/html;charset=UTF-8,fo_settlement_31012023.csv,False,False,NOT_ATTEMPTED,0,0,FO_DAILY_SETTLEMENT,,NOT_PUBLISHED_FOR_DATE
2023-01-31,True,span_eod,https://www.nseindia.com/all-reports-derivatives,https://nsearchives.nseindia.com/content/fo/nsccl.20230131.s.zip,404,text/html;charset=UTF-8,nsccl.20230131.s.zip,False,False,NOT_ATTEMPTED,0,0,FO_SPAN_EOD,,NOT_PUBLISHED_FOR_DATE
2023-01-31,True,span_bod,https://www.nseindia.com/all-reports-derivatives,https://nsearchives.nseindia.com/content/fo/nsccl.20230131.i01.zip,404,text/html;charset=UTF-8,nsccl.20230131.i01.zip,False,False,NOT_ATTEMPTED,0,0,FO_SPAN_BOD,,NOT_PUBLISHED_FOR_DATE
2023-12-22,True,bhavcopy,https://www.nseindia.com/all-reports-derivatives,https://archives.nseindia.com/content/historical/DERIVATIVES/2023/DEC/fo22DEC2023bhav.csv.zip,200,application/zip,fo22DEC2023bhav.csv.zip,True,True,AVAILABLE_AND_PARSEABLE,61779,550,LEGACY_FO_BHAVCOPY,e9aeb9f0d38102e253d22872fac2a364dd8e0e97a8a76caf971a0256f14f4fdc,
2023-12-22,True,bhavcopy,https://www.nseindia.com/all-reports-derivatives,https://nsearchives.nseindia.com/content/fo/BhavCopy_NSE_FO_0_0_0_20231222_F_0000.csv.zip,404,text/html;charset=UTF-8,BhavCopy_NSE_FO_0_0_0_20231222_F_0000.csv.zip,False,False,NOT_ATTEMPTED,0,0,UDIFF_FO_BHAVCOPY,,NOT_PUBLISHED_FOR_DATE
2023-12-22,True,contract,https://www.nseindia.com/all-reports-derivatives,https://nsearchives.nseindia.com/content/fo/NSE_FO_contract_22122023.csv.gz,404,text/html;charset=UTF-8,NSE_FO_contract_22122023.csv.gz,False,False,NOT_ATTEMPTED,0,0,MII_FO_CONTRACT_FILE,,NOT_PUBLISHED_FOR_DATE
2023-12-22,True,settlement,https://www.nseindia.com/all-reports-derivatives,https://nsearchives.nseindia.com/content/fo/fo_settlement_22122023.csv,404,text/html;charset=UTF-8,fo_settlement_22122023.csv,False,False,NOT_ATTEMPTED,0,0,FO_DAILY_SETTLEMENT,,NOT_PUBLISHED_FOR_DATE
2023-12-22,True,span_eod,https://www.nseindia.com/all-reports-derivatives,https://nsearchives.nseindia.com/content/fo/nsccl.20231222.s.zip,404,text/html;charset=UTF-8,nsccl.20231222.s.zip,False,False,NOT_ATTEMPTED,0,0,FO_SPAN_EOD,,NOT_PUBLISHED_FOR_DATE
2023-12-22,True,span_bod,https://www.nseindia.com/all-reports-derivatives,https://nsearchives.nseindia.com/content/fo/nsccl.20231222.i01.zip,404,text/html;charset=UTF-8,nsccl.20231222.i01.zip,False,False,NOT_ATTEMPTED,0,0,FO_SPAN_BOD,,NOT_PUBLISHED_FOR_DATE
2023-12-26,True,bhavcopy,https://www.nseindia.com/all-reports-derivatives,https://archives.nseindia.com/content/historical/DERIVATIVES/2023/DEC/fo26DEC2023bhav.csv.zip,200,application/zip,fo26DEC2023bhav.csv.zip,True,True,AVAILABLE_AND_PARSEABLE,62103,550,LEGACY_FO_BHAVCOPY,112c823a8c32b05527d9155accb82e95c04a3acbb2d6354515a8ce2a7bf8cbff,
2023-12-26,True,bhavcopy,https://www.nseindia.com/all-reports-derivatives,https://nsearchives.nseindia.com/content/fo/BhavCopy_NSE_FO_0_0_0_20231226_F_0000.csv.zip,404,text/html;charset=UTF-8,BhavCopy_NSE_FO_0_0_0_20231226_F_0000.csv.zip,False,False,NOT_ATTEMPTED,0,0,UDIFF_FO_BHAVCOPY,,NOT_PUBLISHED_FOR_DATE
2023-12-26,True,contract,https://www.nseindia.com/all-reports-derivatives,https://nsearchives.nseindia.com/content/fo/NSE_FO_contract_26122023.csv.gz,404,text/html;charset=UTF-8,NSE_FO_contract_26122023.csv.gz,False,False,NOT_ATTEMPTED,0,0,MII_FO_CONTRACT_FILE,,NOT_PUBLISHED_FOR_DATE
2023-12-26,True,settlement,https://www.nseindia.com/all-reports-derivatives,https://nsearchives.nseindia.com/content/fo/fo_settlement_26122023.csv,404,text/html;charset=UTF-8,fo_settlement_26122023.csv,False,False,NOT_ATTEMPTED,0,0,FO_DAILY_SETTLEMENT,,NOT_PUBLISHED_FOR_DATE
2023-12-26,True,span_eod,https://www.nseindia.com/all-reports-derivatives,https://nsearchives.nseindia.com/content/fo/nsccl.20231226.s.zip,404,text/html;charset=UTF-8,nsccl.20231226.s.zip,False,False,NOT_ATTEMPTED,0,0,FO_SPAN_EOD,,NOT_PUBLISHED_FOR_DATE
2023-12-26,True,span_bod,https://www.nseindia.com/all-reports-derivatives,https://nsearchives.nseindia.com/content/fo/nsccl.20231226.i01.zip,404,text/html;charset=UTF-8,nsccl.20231226.i01.zip,False,False,NOT_ATTEMPTED,0,0,FO_SPAN_BOD,,NOT_PUBLISHED_FOR_DATE
2023-12-27,True,bhavcopy,https://www.nseindia.com/all-reports-derivatives,https://archives.nseindia.com/content/historical/DERIVATIVES/2023/DEC/fo27DEC2023bhav.csv.zip,200,application/zip,fo27DEC2023bhav.csv.zip,True,True,AVAILABLE_AND_PARSEABLE,62357,550,LEGACY_FO_BHAVCOPY,0e7ce41f902390b42f7e42383e03702e3b78d8816e54bfdba90356b344b16e72,
2023-12-27,True,bhavcopy,https://www.nseindia.com/all-reports-derivatives,https://nsearchives.nseindia.com/content/fo/BhavCopy_NSE_FO_0_0_0_20231227_F_0000.csv.zip,404,text/html;charset=UTF-8,BhavCopy_NSE_FO_0_0_0_20231227_F_0000.csv.zip,False,False,NOT_ATTEMPTED,0,0,UDIFF_FO_BHAVCOPY,,NOT_PUBLISHED_FOR_DATE
2023-12-27,True,contract,https://www.nseindia.com/all-reports-derivatives,https://nsearchives.nseindia.com/content/fo/NSE_FO_contract_27122023.csv.gz,404,text/html;charset=UTF-8,NSE_FO_contract_27122023.csv.gz,False,False,NOT_ATTEMPTED,0,0,MII_FO_CONTRACT_FILE,,NOT_PUBLISHED_FOR_DATE
2023-12-27,True,settlement,https://www.nseindia.com/all-reports-derivatives,https://nsearchives.nseindia.com/content/fo/fo_settlement_27122023.csv,404,text/html;charset=UTF-8,fo_settlement_27122023.csv,False,False,NOT_ATTEMPTED,0,0,FO_DAILY_SETTLEMENT,,NOT_PUBLISHED_FOR_DATE
2023-12-27,True,span_eod,https://www.nseindia.com/all-reports-derivatives,https://nsearchives.nseindia.com/content/fo/nsccl.20231227.s.zip,404,text/html;charset=UTF-8,nsccl.20231227.s.zip,False,False,NOT_ATTEMPTED,0,0,FO_SPAN_EOD,,NOT_PUBLISHED_FOR_DATE
2023-12-27,True,span_bod,https://www.nseindia.com/all-reports-derivatives,https://nsearchives.nseindia.com/content/fo/nsccl.20231227.i01.zip,404,text/html;charset=UTF-8,nsccl.20231227.i01.zip,False,False,NOT_ATTEMPTED,0,0,FO_SPAN_BOD,,NOT_PUBLISHED_FOR_DATE
2023-12-28,True,bhavcopy,https://www.nseindia.com/all-reports-derivatives,https://archives.nseindia.com/content/historical/DERIVATIVES/2023/DEC/fo28DEC2023bhav.csv.zip,200,application/zip,fo28DEC2023bhav.csv.zip,True,True,AVAILABLE_AND_PARSEABLE,63405,550,LEGACY_FO_BHAVCOPY,1226a400b71a505bc1bbc695eb490b74fccbbe49fc7fdb0473e4d30b3275a917,
2023-12-28,True,bhavcopy,https://www.nseindia.com/all-reports-derivatives,https://nsearchives.nseindia.com/content/fo/BhavCopy_NSE_FO_0_0_0_20231228_F_0000.csv.zip,404,text/html;charset=UTF-8,BhavCopy_NSE_FO_0_0_0_20231228_F_0000.csv.zip,False,False,NOT_ATTEMPTED,0,0,UDIFF_FO_BHAVCOPY,,NOT_PUBLISHED_FOR_DATE
2023-12-28,True,contract,https://www.nseindia.com/all-reports-derivatives,https://nsearchives.nseindia.com/content/fo/NSE_FO_contract_28122023.csv.gz,404,text/html;charset=UTF-8,NSE_FO_contract_28122023.csv.gz,False,False,NOT_ATTEMPTED,0,0,MII_FO_CONTRACT_FILE,,NOT_PUBLISHED_FOR_DATE
2023-12-28,True,settlement,https://www.nseindia.com/all-reports-derivatives,https://nsearchives.nseindia.com/content/fo/fo_settlement_28122023.csv,404,text/html;charset=UTF-8,fo_settlement_28122023.csv,False,False,NOT_ATTEMPTED,0,0,FO_DAILY_SETTLEMENT,,NOT_PUBLISHED_FOR_DATE
2023-12-28,True,span_eod,https://www.nseindia.com/all-reports-derivatives,https://nsearchives.nseindia.com/content/fo/nsccl.20231228.s.zip,404,text/html;charset=UTF-8,nsccl.20231228.s.zip,False,False,NOT_ATTEMPTED,0,0,FO_SPAN_EOD,,NOT_PUBLISHED_FOR_DATE
2023-12-28,True,span_bod,https://www.nseindia.com/all-reports-derivatives,https://nsearchives.nseindia.com/content/fo/nsccl.20231228.i01.zip,404,text/html;charset=UTF-8,nsccl.20231228.i01.zip,False,False,NOT_ATTEMPTED,0,0,FO_SPAN_BOD,,NOT_PUBLISHED_FOR_DATE
2023-12-29,True,bhavcopy,https://www.nseindia.com/all-reports-derivatives,https://archives.nseindia.com/content/historical/DERIVATIVES/2023/DEC/fo29DEC2023bhav.csv.zip,200,application/zip,fo29DEC2023bhav.csv.zip,True,True,AVAILABLE_AND_PARSEABLE,55832,548,LEGACY_FO_BHAVCOPY,6a06a982de25542dfc35e8b081e61c37beadd3a2cbeeb49fcf62fd6ecb82d98b,
2023-12-29,True,bhavcopy,https://www.nseindia.com/all-reports-derivatives,https://nsearchives.nseindia.com/content/fo/BhavCopy_NSE_FO_0_0_0_20231229_F_0000.csv.zip,404,text/html;charset=UTF-8,BhavCopy_NSE_FO_0_0_0_20231229_F_0000.csv.zip,False,False,NOT_ATTEMPTED,0,0,UDIFF_FO_BHAVCOPY,,NOT_PUBLISHED_FOR_DATE
2023-12-29,True,contract,https://www.nseindia.com/all-reports-derivatives,https://nsearchives.nseindia.com/content/fo/NSE_FO_contract_29122023.csv.gz,404,text/html;charset=UTF-8,NSE_FO_contract_29122023.csv.gz,False,False,NOT_ATTEMPTED,0,0,MII_FO_CONTRACT_FILE,,NOT_PUBLISHED_FOR_DATE
2023-12-29,True,settlement,https://www.nseindia.com/all-reports-derivatives,https://nsearchives.nseindia.com/content/fo/fo_settlement_29122023.csv,404,text/html;charset=UTF-8,fo_settlement_29122023.csv,False,False,NOT_ATTEMPTED,0,0,FO_DAILY_SETTLEMENT,,NOT_PUBLISHED_FOR_DATE
2023-12-29,True,span_eod,https://www.nseindia.com/all-reports-derivatives,https://nsearchives.nseindia.com/content/fo/nsccl.20231229.s.zip,404,text/html;charset=UTF-8,nsccl.20231229.s.zip,False,False,NOT_ATTEMPTED,0,0,FO_SPAN_EOD,,NOT_PUBLISHED_FOR_DATE
2023-12-29,True,span_bod,https://www.nseindia.com/all-reports-derivatives,https://nsearchives.nseindia.com/content/fo/nsccl.20231229.i01.zip,404,text/html;charset=UTF-8,nsccl.20231229.i01.zip,False,False,NOT_ATTEMPTED,0,0,FO_SPAN_BOD,,NOT_PUBLISHED_FOR_DATE
2024-07-01,True,bhavcopy,https://www.nseindia.com/all-reports-derivatives,https://archives.nseindia.com/content/historical/DERIVATIVES/2024/JUL/fo01JUL2024bhav.csv.zip,200,application/zip,fo01JUL2024bhav.csv.rev1.zip,True,True,AVAILABLE_AND_PARSEABLE,32106,542,LEGACY_FO_BHAVCOPY,782f5ce308781aa9ed65b4096d0d10fbc95ae95d7666d1aa342edf6799941c4f,
2024-07-01,True,bhavcopy,https://www.nseindia.com/all-reports-derivatives,https://nsearchives.nseindia.com/content/fo/BhavCopy_NSE_FO_0_0_0_20240701_F_0000.csv.zip,200,application/zip,BhavCopy_NSE_FO_0_0_0_20240701_F_0000.csv.zip,True,True,AVAILABLE_AND_PARSEABLE,32106,542,UDIFF_FO_BHAVCOPY,acb03484d514018b6a23f764cf412c2e5eb7cd6b8fd3cffe7decd3888d808beb,
2024-07-01,True,contract,https://www.nseindia.com/all-reports-derivatives,https://nsearchives.nseindia.com/content/fo/NSE_FO_contract_01072024.csv.gz,200,application/x-gzip,NSE_FO_contract_01072024.csv.gz,True,True,AVAILABLE_AND_PARSEABLE,78853,560,MII_FO_CONTRACT_FILE,d1d6d16bc4c362661ee1ea77c1bae938b18bea016697fafc2ee00c52a2c13a0c,
2024-07-01,True,settlement,https://www.nseindia.com/all-reports-derivatives,https://nsearchives.nseindia.com/content/fo/fo_settlement_01072024.csv,404,text/html;charset=UTF-8,fo_settlement_01072024.csv,False,False,NOT_ATTEMPTED,0,0,FO_DAILY_SETTLEMENT,,NOT_PUBLISHED_FOR_DATE
2024-07-01,True,span_eod,https://www.nseindia.com/all-reports-derivatives,https://nsearchives.nseindia.com/content/fo/nsccl.20240701.s.zip,404,text/html;charset=UTF-8,nsccl.20240701.s.zip,False,False,NOT_ATTEMPTED,0,0,FO_SPAN_EOD,,NOT_PUBLISHED_FOR_DATE
2024-07-01,True,span_bod,https://www.nseindia.com/all-reports-derivatives,https://nsearchives.nseindia.com/content/fo/nsccl.20240701.i01.zip,404,text/html;charset=UTF-8,nsccl.20240701.i01.zip,False,False,NOT_ATTEMPTED,0,0,FO_SPAN_BOD,,NOT_PUBLISHED_FOR_DATE
2024-07-02,True,bhavcopy,https://www.nseindia.com/all-reports-derivatives,https://archives.nseindia.com/content/historical/DERIVATIVES/2024/JUL/fo02JUL2024bhav.csv.zip,200,application/zip,fo02JUL2024bhav.csv.rev1.zip,True,True,AVAILABLE_AND_PARSEABLE,32843,542,LEGACY_FO_BHAVCOPY,6c82df22748cdc341fd22b8668aec52dd09a694d5a8587a5619755955bfd8c7f,
2024-07-02,True,bhavcopy,https://www.nseindia.com/all-reports-derivatives,https://nsearchives.nseindia.com/content/fo/BhavCopy_NSE_FO_0_0_0_20240702_F_0000.csv.zip,200,application/zip,BhavCopy_NSE_FO_0_0_0_20240702_F_0000.csv.zip,True,True,AVAILABLE_AND_PARSEABLE,32843,542,UDIFF_FO_BHAVCOPY,70592ab10c3606312f0af5e8995f8f9fb5940b8391171ecb036a854e50f6f2ae,
2024-07-02,True,contract,https://www.nseindia.com/all-reports-derivatives,https://nsearchives.nseindia.com/content/fo/NSE_FO_contract_02072024.csv.gz,200,application/x-gzip,NSE_FO_contract_02072024.csv.gz,True,True,AVAILABLE_AND_PARSEABLE,79348,560,MII_FO_CONTRACT_FILE,e0c6db4100393bf7875a42fde0fc996ce23ba6d33afc13c8befc28ca9b4dd98d,
2024-07-02,True,settlement,https://www.nseindia.com/all-reports-derivatives,https://nsearchives.nseindia.com/content/fo/fo_settlement_02072024.csv,404,text/html;charset=UTF-8,fo_settlement_02072024.csv,False,False,NOT_ATTEMPTED,0,0,FO_DAILY_SETTLEMENT,,NOT_PUBLISHED_FOR_DATE
2024-07-02,True,span_eod,https://www.nseindia.com/all-reports-derivatives,https://nsearchives.nseindia.com/content/fo/nsccl.20240702.s.zip,404,text/html;charset=UTF-8,nsccl.20240702.s.zip,False,False,NOT_ATTEMPTED,0,0,FO_SPAN_EOD,,NOT_PUBLISHED_FOR_DATE
2024-07-02,True,span_bod,https://www.nseindia.com/all-reports-derivatives,https://nsearchives.nseindia.com/content/fo/nsccl.20240702.i01.zip,404,text/html;charset=UTF-8,nsccl.20240702.i01.zip,False,False,NOT_ATTEMPTED,0,0,FO_SPAN_BOD,,NOT_PUBLISHED_FOR_DATE
2024-07-03,True,bhavcopy,https://www.nseindia.com/all-reports-derivatives,https://archives.nseindia.com/content/historical/DERIVATIVES/2024/JUL/fo03JUL2024bhav.csv.zip,200,application/zip,fo03JUL2024bhav.csv.rev1.zip,True,True,AVAILABLE_AND_PARSEABLE,33216,542,LEGACY_FO_BHAVCOPY,8942f069f2d6ced09d63abce974aa8adf379b6e824011db8fab7d746ae0bd27b,
2024-07-03,True,bhavcopy,https://www.nseindia.com/all-reports-derivatives,https://nsearchives.nseindia.com/content/fo/BhavCopy_NSE_FO_0_0_0_20240703_F_0000.csv.zip,200,application/zip,BhavCopy_NSE_FO_0_0_0_20240703_F_0000.csv.zip,True,True,AVAILABLE_AND_PARSEABLE,33216,542,UDIFF_FO_BHAVCOPY,ac36b79a24f93a15b814891d9faa5e612d821fa3573f3f580b18f773bce5c8e9,
2024-07-03,True,contract,https://www.nseindia.com/all-reports-derivatives,https://nsearchives.nseindia.com/content/fo/NSE_FO_contract_03072024.csv.gz,200,application/x-gzip,NSE_FO_contract_03072024.csv.gz,True,True,AVAILABLE_AND_PARSEABLE,79786,560,MII_FO_CONTRACT_FILE,eedd681e89ff05c692ee0bffa9ffb652a0f03db8cdb85f3793d331d447bb231a,
2024-07-03,True,settlement,https://www.nseindia.com/all-reports-derivatives,https://nsearchives.nseindia.com/content/fo/fo_settlement_03072024.csv,404,text/html;charset=UTF-8,fo_settlement_03072024.csv,False,False,NOT_ATTEMPTED,0,0,FO_DAILY_SETTLEMENT,,NOT_PUBLISHED_FOR_DATE
2024-07-03,True,span_eod,https://www.nseindia.com/all-reports-derivatives,https://nsearchives.nseindia.com/content/fo/nsccl.20240703.s.zip,404,text/html;charset=UTF-8,nsccl.20240703.s.zip,False,False,NOT_ATTEMPTED,0,0,FO_SPAN_EOD,,NOT_PUBLISHED_FOR_DATE
2024-07-03,True,span_bod,https://www.nseindia.com/all-reports-derivatives,https://nsearchives.nseindia.com/content/fo/nsccl.20240703.i01.zip,404,text/html;charset=UTF-8,nsccl.20240703.i01.zip,False,False,NOT_ATTEMPTED,0,0,FO_SPAN_BOD,,NOT_PUBLISHED_FOR_DATE
2024-07-04,True,bhavcopy,https://www.nseindia.com/all-reports-derivatives,https://archives.nseindia.com/content/historical/DERIVATIVES/2024/JUL/fo04JUL2024bhav.csv.zip,200,application/zip,fo04JUL2024bhav.csv.rev1.zip,True,True,AVAILABLE_AND_PARSEABLE,33585,542,LEGACY_FO_BHAVCOPY,85732abbdd7a609e0c456394e61897634f8a6440b3e2c414723cac74069a90d8,
2024-07-04,True,bhavcopy,https://www.nseindia.com/all-reports-derivatives,https://nsearchives.nseindia.com/content/fo/BhavCopy_NSE_FO_0_0_0_20240704_F_0000.csv.zip,200,application/zip,BhavCopy_NSE_FO_0_0_0_20240704_F_0000.csv.zip,True,True,AVAILABLE_AND_PARSEABLE,33585,542,UDIFF_FO_BHAVCOPY,0858fb05861eb8c94eb022103c148f6cf476b1ec85fb02b1f223b11aaf8026ce,
2024-07-04,True,contract,https://www.nseindia.com/all-reports-derivatives,https://nsearchives.nseindia.com/content/fo/NSE_FO_contract_04072024.csv.gz,200,application/x-gzip,NSE_FO_contract_04072024.csv.gz,True,True,AVAILABLE_AND_PARSEABLE,80066,560,MII_FO_CONTRACT_FILE,115c99c0fc580ca1302efc07248cc7f2eedc7553f18931cd9576d2d12b8a7000,
2024-07-04,True,settlement,https://www.nseindia.com/all-reports-derivatives,https://nsearchives.nseindia.com/content/fo/fo_settlement_04072024.csv,404,text/html;charset=UTF-8,fo_settlement_04072024.csv,False,False,NOT_ATTEMPTED,0,0,FO_DAILY_SETTLEMENT,,NOT_PUBLISHED_FOR_DATE
2024-07-04,True,span_eod,https://www.nseindia.com/all-reports-derivatives,https://nsearchives.nseindia.com/content/fo/nsccl.20240704.s.zip,404,text/html;charset=UTF-8,nsccl.20240704.s.zip,False,False,NOT_ATTEMPTED,0,0,FO_SPAN_EOD,,NOT_PUBLISHED_FOR_DATE
2024-07-04,True,span_bod,https://www.nseindia.com/all-reports-derivatives,https://nsearchives.nseindia.com/content/fo/nsccl.20240704.i01.zip,404,text/html;charset=UTF-8,nsccl.20240704.i01.zip,False,False,NOT_ATTEMPTED,0,0,FO_SPAN_BOD,,NOT_PUBLISHED_FOR_DATE
2024-07-05,True,bhavcopy,https://www.nseindia.com/all-reports-derivatives,https://archives.nseindia.com/content/historical/DERIVATIVES/2024/JUL/fo05JUL2024bhav.csv.zip,200,application/zip,fo05JUL2024bhav.csv.zip,True,True,AVAILABLE_AND_PARSEABLE,33930,542,LEGACY_FO_BHAVCOPY,6affb0ee084f4ec7499b14a886787be4dccd644263a015444958d47aa17b5989,
2024-07-05,True,bhavcopy,https://www.nseindia.com/all-reports-derivatives,https://nsearchives.nseindia.com/content/fo/BhavCopy_NSE_FO_0_0_0_20240705_F_0000.csv.zip,200,application/zip,BhavCopy_NSE_FO_0_0_0_20240705_F_0000.csv.zip,True,True,AVAILABLE_AND_PARSEABLE,33930,542,UDIFF_FO_BHAVCOPY,73eea62cf01840db2209779b6d3b7a88b83be744d3e8b0c3fac4d98d154b276c,
2024-07-05,True,contract,https://www.nseindia.com/all-reports-derivatives,https://nsearchives.nseindia.com/content/fo/NSE_FO_contract_05072024.csv.gz,200,application/x-gzip,NSE_FO_contract_05072024.csv.gz,True,True,AVAILABLE_AND_PARSEABLE,80038,560,MII_FO_CONTRACT_FILE,35aff10458db327da6b39ec0f60a5e69d2c5655320f1376c30f229424f74747d,
2024-07-05,True,settlement,https://www.nseindia.com/all-reports-derivatives,https://nsearchives.nseindia.com/content/fo/fo_settlement_05072024.csv,404,text/html;charset=UTF-8,fo_settlement_05072024.csv,False,False,NOT_ATTEMPTED,0,0,FO_DAILY_SETTLEMENT,,NOT_PUBLISHED_FOR_DATE
2024-07-05,True,span_eod,https://www.nseindia.com/all-reports-derivatives,https://nsearchives.nseindia.com/content/fo/nsccl.20240705.s.zip,404,text/html;charset=UTF-8,nsccl.20240705.s.zip,False,False,NOT_ATTEMPTED,0,0,FO_SPAN_EOD,,NOT_PUBLISHED_FOR_DATE
2024-07-05,True,span_bod,https://www.nseindia.com/all-reports-derivatives,https://nsearchives.nseindia.com/content/fo/nsccl.20240705.i01.zip,404,text/html;charset=UTF-8,nsccl.20240705.i01.zip,False,False,NOT_ATTEMPTED,0,0,FO_SPAN_BOD,,NOT_PUBLISHED_FOR_DATE
2024-07-08,True,bhavcopy,https://www.nseindia.com/all-reports-derivatives,https://archives.nseindia.com/content/historical/DERIVATIVES/2024/JUL/fo08JUL2024bhav.csv.zip,404,text/html;charset=UTF-8,fo08JUL2024bhav.csv.zip,False,False,NOT_ATTEMPTED,0,0,LEGACY_FO_BHAVCOPY,,NOT_PUBLISHED_FOR_DATE
2024-07-08,True,bhavcopy,https://www.nseindia.com/all-reports-derivatives,https://nsearchives.nseindia.com/content/fo/BhavCopy_NSE_FO_0_0_0_20240708_F_0000.csv.zip,200,application/zip,BhavCopy_NSE_FO_0_0_0_20240708_F_0000.csv.zip,True,True,AVAILABLE_AND_PARSEABLE,34390,542,UDIFF_FO_BHAVCOPY,af47c5b8b6e0ac02da4d5a4d22d46d73527d81552a93aba99ae91590b8549d76,
2024-07-08,True,contract,https://www.nseindia.com/all-reports-derivatives,https://nsearchives.nseindia.com/content/fo/NSE_FO_contract_08072024.csv.gz,200,application/x-gzip,NSE_FO_contract_08072024.csv.gz,True,True,AVAILABLE_AND_PARSEABLE,80934,560,MII_FO_CONTRACT_FILE,9f23a2c16012d27a771d1431afe952860ccbcb99247968e242b576b1cdd3fc29,
2024-07-08,True,settlement,https://www.nseindia.com/all-reports-derivatives,https://nsearchives.nseindia.com/content/fo/fo_settlement_08072024.csv,404,text/html;charset=UTF-8,fo_settlement_08072024.csv,False,False,NOT_ATTEMPTED,0,0,FO_DAILY_SETTLEMENT,,NOT_PUBLISHED_FOR_DATE
2024-07-08,True,span_eod,https://www.nseindia.com/all-reports-derivatives,https://nsearchives.nseindia.com/content/fo/nsccl.20240708.s.zip,404,text/html;charset=UTF-8,nsccl.20240708.s.zip,False,False,NOT_ATTEMPTED,0,0,FO_SPAN_EOD,,NOT_PUBLISHED_FOR_DATE
2024-07-08,True,span_bod,https://www.nseindia.com/all-reports-derivatives,https://nsearchives.nseindia.com/content/fo/nsccl.20240708.i01.zip,404,text/html;charset=UTF-8,nsccl.20240708.i01.zip,False,False,NOT_ATTEMPTED,0,0,FO_SPAN_BOD,,NOT_PUBLISHED_FOR_DATE
2024-07-09,True,bhavcopy,https://www.nseindia.com/all-reports-derivatives,https://archives.nseindia.com/content/historical/DERIVATIVES/2024/JUL/fo09JUL2024bhav.csv.zip,404,text/html;charset=UTF-8,fo09JUL2024bhav.csv.zip,False,False,NOT_ATTEMPTED,0,0,LEGACY_FO_BHAVCOPY,,NOT_PUBLISHED_FOR_DATE
2024-07-09,True,bhavcopy,https://www.nseindia.com/all-reports-derivatives,https://nsearchives.nseindia.com/content/fo/BhavCopy_NSE_FO_0_0_0_20240709_F_0000.csv.zip,200,application/zip,BhavCopy_NSE_FO_0_0_0_20240709_F_0000.csv.zip,True,True,AVAILABLE_AND_PARSEABLE,34635,542,UDIFF_FO_BHAVCOPY,8088e72d5379a73e34f9d8a3a3215ea4896e871cfe450ab0ccbc3f729533ffae,
2024-07-09,True,contract,https://www.nseindia.com/all-reports-derivatives,https://nsearchives.nseindia.com/content/fo/NSE_FO_contract_09072024.csv.gz,200,application/x-gzip,NSE_FO_contract_09072024.csv.gz,True,True,AVAILABLE_AND_PARSEABLE,81168,560,MII_FO_CONTRACT_FILE,2d782adebad10b3ec9ea68864dba887726dc1bc0029742207d0e121fc272918f,
2024-07-09,True,settlement,https://www.nseindia.com/all-reports-derivatives,https://nsearchives.nseindia.com/content/fo/fo_settlement_09072024.csv,404,text/html;charset=UTF-8,fo_settlement_09072024.csv,False,False,NOT_ATTEMPTED,0,0,FO_DAILY_SETTLEMENT,,NOT_PUBLISHED_FOR_DATE
2024-07-09,True,span_eod,https://www.nseindia.com/all-reports-derivatives,https://nsearchives.nseindia.com/content/fo/nsccl.20240709.s.zip,404,text/html;charset=UTF-8,nsccl.20240709.s.zip,False,False,NOT_ATTEMPTED,0,0,FO_SPAN_EOD,,NOT_PUBLISHED_FOR_DATE
2024-07-09,True,span_bod,https://www.nseindia.com/all-reports-derivatives,https://nsearchives.nseindia.com/content/fo/nsccl.20240709.i01.zip,404,text/html;charset=UTF-8,nsccl.20240709.i01.zip,False,False,NOT_ATTEMPTED,0,0,FO_SPAN_BOD,,NOT_PUBLISHED_FOR_DATE
2024-07-10,True,bhavcopy,https://www.nseindia.com/all-reports-derivatives,https://archives.nseindia.com/content/historical/DERIVATIVES/2024/JUL/fo10JUL2024bhav.csv.zip,404,text/html;charset=UTF-8,fo10JUL2024bhav.csv.zip,False,False,NOT_ATTEMPTED,0,0,LEGACY_FO_BHAVCOPY,,NOT_PUBLISHED_FOR_DATE
2024-07-10,True,bhavcopy,https://www.nseindia.com/all-reports-derivatives,https://nsearchives.nseindia.com/content/fo/BhavCopy_NSE_FO_0_0_0_20240710_F_0000.csv.zip,200,application/zip,BhavCopy_NSE_FO_0_0_0_20240710_F_0000.csv.zip,True,True,AVAILABLE_AND_PARSEABLE,34911,542,UDIFF_FO_BHAVCOPY,39dacf9f57713fe1b7a2c7a235077482baf7951c1bae6d7445abf6d3cbf23ca6,
2024-07-10,True,contract,https://www.nseindia.com/all-reports-derivatives,https://nsearchives.nseindia.com/content/fo/NSE_FO_contract_10072024.csv.gz,200,application/x-gzip,NSE_FO_contract_10072024.csv.gz,True,True,AVAILABLE_AND_PARSEABLE,81640,560,MII_FO_CONTRACT_FILE,716c1159118a0d8ea38b3d1413a1ac63d87bca1386ccd01e3fa0ea4798e240db,
2024-07-10,True,settlement,https://www.nseindia.com/all-reports-derivatives,https://nsearchives.nseindia.com/content/fo/fo_settlement_10072024.csv,404,text/html;charset=UTF-8,fo_settlement_10072024.csv,False,False,NOT_ATTEMPTED,0,0,FO_DAILY_SETTLEMENT,,NOT_PUBLISHED_FOR_DATE
2024-07-10,True,span_eod,https://www.nseindia.com/all-reports-derivatives,https://nsearchives.nseindia.com/content/fo/nsccl.20240710.s.zip,404,text/html;charset=UTF-8,nsccl.20240710.s.zip,False,False,NOT_ATTEMPTED,0,0,FO_SPAN_EOD,,NOT_PUBLISHED_FOR_DATE
2024-07-10,True,span_bod,https://www.nseindia.com/all-reports-derivatives,https://nsearchives.nseindia.com/content/fo/nsccl.20240710.i01.zip,404,text/html;charset=UTF-8,nsccl.20240710.i01.zip,False,False,NOT_ATTEMPTED,0,0,FO_SPAN_BOD,,NOT_PUBLISHED_FOR_DATE
2024-07-11,True,bhavcopy,https://www.nseindia.com/all-reports-derivatives,https://archives.nseindia.com/content/historical/DERIVATIVES/2024/JUL/fo11JUL2024bhav.csv.zip,404,text/html;charset=UTF-8,fo11JUL2024bhav.csv.zip,False,False,NOT_ATTEMPTED,0,0,LEGACY_FO_BHAVCOPY,,NOT_PUBLISHED_FOR_DATE
2024-07-11,True,bhavcopy,https://www.nseindia.com/all-reports-derivatives,https://nsearchives.nseindia.com/content/fo/BhavCopy_NSE_FO_0_0_0_20240711_F_0000.csv.zip,200,application/zip,BhavCopy_NSE_FO_0_0_0_20240711_F_0000.csv.zip,True,True,AVAILABLE_AND_PARSEABLE,35191,542,UDIFF_FO_BHAVCOPY,b7b19c0e23109971157c0e8bd71b45c316f2627270261669b99b186eaa2e4dd9,
2024-07-11,True,contract,https://www.nseindia.com/all-reports-derivatives,https://nsearchives.nseindia.com/content/fo/NSE_FO_contract_11072024.csv.gz,200,application/x-gzip,NSE_FO_contract_11072024.csv.gz,True,True,AVAILABLE_AND_PARSEABLE,81603,560,MII_FO_CONTRACT_FILE,a0a58c7853d2d13a14879f30eb9a6fbf251579af9bc4e071c379993b220de4ce,
2024-07-11,True,settlement,https://www.nseindia.com/all-reports-derivatives,https://nsearchives.nseindia.com/content/fo/fo_settlement_11072024.csv,404,text/html;charset=UTF-8,fo_settlement_11072024.csv,False,False,NOT_ATTEMPTED,0,0,FO_DAILY_SETTLEMENT,,NOT_PUBLISHED_FOR_DATE
2024-07-11,True,span_eod,https://www.nseindia.com/all-reports-derivatives,https://nsearchives.nseindia.com/content/fo/nsccl.20240711.s.zip,404,text/html;charset=UTF-8,nsccl.20240711.s.zip,False,False,NOT_ATTEMPTED,0,0,FO_SPAN_EOD,,NOT_PUBLISHED_FOR_DATE
2024-07-11,True,span_bod,https://www.nseindia.com/all-reports-derivatives,https://nsearchives.nseindia.com/content/fo/nsccl.20240711.i01.zip,404,text/html;charset=UTF-8,nsccl.20240711.i01.zip,False,False,NOT_ATTEMPTED,0,0,FO_SPAN_BOD,,NOT_PUBLISHED_FOR_DATE
2024-07-12,True,bhavcopy,https://www.nseindia.com/all-reports-derivatives,https://archives.nseindia.com/content/historical/DERIVATIVES/2024/JUL/fo12JUL2024bhav.csv.zip,404,text/html;charset=UTF-8,fo12JUL2024bhav.csv.zip,False,False,NOT_ATTEMPTED,0,0,LEGACY_FO_BHAVCOPY,,NOT_PUBLISHED_FOR_DATE
2024-07-12,True,bhavcopy,https://www.nseindia.com/all-reports-derivatives,https://nsearchives.nseindia.com/content/fo/BhavCopy_NSE_FO_0_0_0_20240712_F_0000.csv.zip,200,application/zip,BhavCopy_NSE_FO_0_0_0_20240712_F_0000.csv.zip,True,True,AVAILABLE_AND_PARSEABLE,35459,542,UDIFF_FO_BHAVCOPY,5b85fe3b95deaf70028117b1223d339f630b87d82e5edadce5b82ce50b4e63b0,
2024-07-12,True,contract,https://www.nseindia.com/all-reports-derivatives,https://nsearchives.nseindia.com/content/fo/NSE_FO_contract_12072024.csv.gz,200,application/x-gzip,NSE_FO_contract_12072024.csv.gz,True,True,AVAILABLE_AND_PARSEABLE,81773,560,MII_FO_CONTRACT_FILE,4897ed2134bf7961bd7bc07b902f332d7273548ebc1dc7b4f01c2a2708ec83d2,
2024-07-12,True,settlement,https://www.nseindia.com/all-reports-derivatives,https://nsearchives.nseindia.com/content/fo/fo_settlement_12072024.csv,404,text/html;charset=UTF-8,fo_settlement_12072024.csv,False,False,NOT_ATTEMPTED,0,0,FO_DAILY_SETTLEMENT,,NOT_PUBLISHED_FOR_DATE
2024-07-12,True,span_eod,https://www.nseindia.com/all-reports-derivatives,https://nsearchives.nseindia.com/content/fo/nsccl.20240712.s.zip,404,text/html;charset=UTF-8,nsccl.20240712.s.zip,False,False,NOT_ATTEMPTED,0,0,FO_SPAN_EOD,,NOT_PUBLISHED_FOR_DATE
2024-07-12,True,span_bod,https://www.nseindia.com/all-reports-derivatives,https://nsearchives.nseindia.com/content/fo/nsccl.20240712.i01.zip,404,text/html;charset=UTF-8,nsccl.20240712.i01.zip,False,False,NOT_ATTEMPTED,0,0,FO_SPAN_BOD,,NOT_PUBLISHED_FOR_DATE
2025-01-31,True,bhavcopy,https://www.nseindia.com/all-reports-derivatives,https://archives.nseindia.com/content/historical/DERIVATIVES/2025/JAN/fo31JAN2025bhav.csv.zip,404,text/html;charset=UTF-8,fo31JAN2025bhav.csv.zip,False,False,NOT_ATTEMPTED,0,0,LEGACY_FO_BHAVCOPY,,NOT_PUBLISHED_FOR_DATE
2025-01-31,True,bhavcopy,https://www.nseindia.com/all-reports-derivatives,https://nsearchives.nseindia.com/content/fo/BhavCopy_NSE_FO_0_0_0_20250131_F_0000.csv.zip,200,application/zip,BhavCopy_NSE_FO_0_0_0_20250131_F_0000.csv.zip,True,True,AVAILABLE_AND_PARSEABLE,36672,647,UDIFF_FO_BHAVCOPY,81db12eb0e99b16511e02d5b53494aed375c9e8de34969cd7c7230ace53de0cb,
2025-01-31,True,contract,https://www.nseindia.com/all-reports-derivatives,https://nsearchives.nseindia.com/content/fo/NSE_FO_contract_31012025.csv.gz,200,application/x-gzip,NSE_FO_contract_31012025.csv.gz,True,True,AVAILABLE_AND_PARSEABLE,86722,665,MII_FO_CONTRACT_FILE,b32fbd78c5b57bd6e4dc36547e3b76233c497b1e99e4bf74532a269696027836,
2025-01-31,True,settlement,https://www.nseindia.com/all-reports-derivatives,https://nsearchives.nseindia.com/content/fo/fo_settlement_31012025.csv,404,text/html;charset=UTF-8,fo_settlement_31012025.csv,False,False,NOT_ATTEMPTED,0,0,FO_DAILY_SETTLEMENT,,NOT_PUBLISHED_FOR_DATE
2025-01-31,True,span_eod,https://www.nseindia.com/all-reports-derivatives,https://nsearchives.nseindia.com/content/fo/nsccl.20250131.s.zip,404,text/html;charset=UTF-8,nsccl.20250131.s.zip,False,False,NOT_ATTEMPTED,0,0,FO_SPAN_EOD,,NOT_PUBLISHED_FOR_DATE
2025-01-31,True,span_bod,https://www.nseindia.com/all-reports-derivatives,https://nsearchives.nseindia.com/content/fo/nsccl.20250131.i01.zip,404,text/html;charset=UTF-8,nsccl.20250131.i01.zip,False,False,NOT_ATTEMPTED,0,0,FO_SPAN_BOD,,NOT_PUBLISHED_FOR_DATE
2026-08-06,True,bhavcopy,https://www.nseindia.com/all-reports-derivatives,https://archives.nseindia.com/content/historical/DERIVATIVES/2026/AUG/fo06AUG2026bhav.csv.zip,404,text/html;charset=UTF-8,fo06AUG2026bhav.csv.zip,False,False,NOT_ATTEMPTED,0,0,LEGACY_FO_BHAVCOPY,,NOT_PUBLISHED_FOR_DATE
2026-08-06,True,bhavcopy,https://www.nseindia.com/all-reports-derivatives,https://nsearchives.nseindia.com/content/fo/BhavCopy_NSE_FO_0_0_0_20260806_F_0000.csv.zip,200,application/zip,BhavCopy_NSE_FO_0_0_0_20260806_F_0000.csv.zip,True,True,AVAILABLE_AND_PARSEABLE,32940,622,UDIFF_FO_BHAVCOPY,2525a6549c47e64e305baa6cc42c14685321ffb05f50728dddf55dcacec1daf2,
2026-08-06,True,contract,https://www.nseindia.com/all-reports-derivatives,https://nsearchives.nseindia.com/content/fo/NSE_FO_contract_06082026.csv.gz,200,application/x-gzip,NSE_FO_contract_06082026.csv.gz,True,True,AVAILABLE_AND_PARSEABLE,76230,640,MII_FO_CONTRACT_FILE,7c44747ec7ba9ab76bf5707a3398d5020f1c5ba8c9ba75f2df9cb41b4548c0ba,
2026-08-06,True,settlement,https://www.nseindia.com/all-reports-derivatives,https://nsearchives.nseindia.com/content/fo/fo_settlement_06082026.csv,404,text/html;charset=UTF-8,fo_settlement_06082026.csv,False,False,NOT_ATTEMPTED,0,0,FO_DAILY_SETTLEMENT,,NOT_PUBLISHED_FOR_DATE
2026-08-06,True,span_eod,https://www.nseindia.com/all-reports-derivatives,https://nsearchives.nseindia.com/content/fo/nsccl.20260806.s.zip,404,text/html;charset=UTF-8,nsccl.20260806.s.zip,False,False,NOT_ATTEMPTED,0,0,FO_SPAN_EOD,,NOT_PUBLISHED_FOR_DATE
2026-08-06,True,span_bod,https://www.nseindia.com/all-reports-derivatives,https://nsearchives.nseindia.com/content/fo/nsccl.20260806.i01.zip,404,text/html;charset=UTF-8,nsccl.20260806.i01.zip,False,False,NOT_ATTEMPTED,0,0,FO_SPAN_BOD,,NOT_PUBLISHED_FOR_DATE
2026-08-07,True,bhavcopy,https://www.nseindia.com/all-reports-derivatives,https://archives.nseindia.com/content/historical/DERIVATIVES/2026/AUG/fo07AUG2026bhav.csv.zip,404,text/html;charset=UTF-8,fo07AUG2026bhav.csv.zip,False,False,NOT_ATTEMPTED,0,0,LEGACY_FO_BHAVCOPY,,NOT_PUBLISHED_FOR_DATE
2026-08-07,True,bhavcopy,https://www.nseindia.com/all-reports-derivatives,https://nsearchives.nseindia.com/content/fo/BhavCopy_NSE_FO_0_0_0_20260807_F_0000.csv.zip,200,application/zip,BhavCopy_NSE_FO_0_0_0_20260807_F_0000.csv.zip,True,True,AVAILABLE_AND_PARSEABLE,33264,622,UDIFF_FO_BHAVCOPY,a5ca8f06fd69554ea123134fc823a8a868ccca454d286727c22290dc37daac82,
2026-08-07,True,contract,https://www.nseindia.com/all-reports-derivatives,https://nsearchives.nseindia.com/content/fo/NSE_FO_contract_07082026.csv.gz,200,application/x-gzip,NSE_FO_contract_07082026.csv.gz,True,True,AVAILABLE_AND_PARSEABLE,76446,640,MII_FO_CONTRACT_FILE,154f388fc9636315b13253b198bb1da91a466ae8a81d081be797bca459abf023,
2026-08-07,True,settlement,https://www.nseindia.com/all-reports-derivatives,https://nsearchives.nseindia.com/content/fo/fo_settlement_07082026.csv,404,text/html;charset=UTF-8,fo_settlement_07082026.csv,False,False,NOT_ATTEMPTED,0,0,FO_DAILY_SETTLEMENT,,NOT_PUBLISHED_FOR_DATE
2026-08-07,True,span_eod,https://www.nseindia.com/all-reports-derivatives,https://nsearchives.nseindia.com/content/fo/nsccl.20260807.s.zip,404,text/html;charset=UTF-8,nsccl.20260807.s.zip,False,False,NOT_ATTEMPTED,0,0,FO_SPAN_EOD,,NOT_PUBLISHED_FOR_DATE
2026-08-07,True,span_bod,https://www.nseindia.com/all-reports-derivatives,https://nsearchives.nseindia.com/content/fo/nsccl.20260807.i01.zip,404,text/html;charset=UTF-8,nsccl.20260807.i01.zip,False,False,NOT_ATTEMPTED,0,0,FO_SPAN_BOD,,NOT_PUBLISHED_FOR_DATE
2026-08-10,True,bhavcopy,https://www.nseindia.com/all-reports-derivatives,https://archives.nseindia.com/content/historical/DERIVATIVES/2026/AUG/fo10AUG2026bhav.csv.zip,404,text/html;charset=UTF-8,fo10AUG2026bhav.csv.zip,False,False,NOT_ATTEMPTED,0,0,LEGACY_FO_BHAVCOPY,,NOT_PUBLISHED_FOR_DATE
2026-08-10,True,bhavcopy,https://www.nseindia.com/all-reports-derivatives,https://nsearchives.nseindia.com/content/fo/BhavCopy_NSE_FO_0_0_0_20260810_F_0000.csv.zip,200,application/zip,BhavCopy_NSE_FO_0_0_0_20260810_F_0000.csv.zip,True,True,AVAILABLE_AND_PARSEABLE,33601,622,UDIFF_FO_BHAVCOPY,8a97db352122ce75dc7cf4b1d2ffccfb7e15bab3d5e827c04519e9fa11349e05,
2026-08-10,True,contract,https://www.nseindia.com/all-reports-derivatives,https://nsearchives.nseindia.com/content/fo/NSE_FO_contract_10082026.csv.gz,200,application/x-gzip,NSE_FO_contract_10082026.csv.gz,True,True,AVAILABLE_AND_PARSEABLE,77182,640,MII_FO_CONTRACT_FILE,98e8dc2f971ab2854bc765efa601a985f9058aa4e31a0f4bab127e5148f1db51,
2026-08-10,True,settlement,https://www.nseindia.com/all-reports-derivatives,https://nsearchives.nseindia.com/content/fo/fo_settlement_10082026.csv,404,text/html;charset=UTF-8,fo_settlement_10082026.csv,False,False,NOT_ATTEMPTED,0,0,FO_DAILY_SETTLEMENT,,NOT_PUBLISHED_FOR_DATE
2026-08-10,True,span_eod,https://www.nseindia.com/all-reports-derivatives,https://nsearchives.nseindia.com/content/fo/nsccl.20260810.s.zip,404,text/html;charset=UTF-8,nsccl.20260810.s.zip,False,False,NOT_ATTEMPTED,0,0,FO_SPAN_EOD,,NOT_PUBLISHED_FOR_DATE
2026-08-10,True,span_bod,https://www.nseindia.com/all-reports-derivatives,https://nsearchives.nseindia.com/content/fo/nsccl.20260810.i01.zip,404,text/html;charset=UTF-8,nsccl.20260810.i01.zip,False,False,NOT_ATTEMPTED,0,0,FO_SPAN_BOD,,NOT_PUBLISHED_FOR_DATE
2026-08-11,True,bhavcopy,https://www.nseindia.com/all-reports-derivatives,https://archives.nseindia.com/content/historical/DERIVATIVES/2026/AUG/fo11AUG2026bhav.csv.zip,404,text/html;charset=UTF-8,fo11AUG2026bhav.csv.zip,False,False,NOT_ATTEMPTED,0,0,LEGACY_FO_BHAVCOPY,,NOT_PUBLISHED_FOR_DATE
2026-08-11,True,bhavcopy,https://www.nseindia.com/all-reports-derivatives,https://nsearchives.nseindia.com/content/fo/BhavCopy_NSE_FO_0_0_0_20260811_F_0000.csv.zip,200,application/zip,BhavCopy_NSE_FO_0_0_0_20260811_F_0000.csv.zip,True,True,AVAILABLE_AND_PARSEABLE,34028,622,UDIFF_FO_BHAVCOPY,0c4cff21f0e20e9a1aa0e27894597ff40e287ed3000567880abbc0f6775bc5c1,
2026-08-11,True,contract,https://www.nseindia.com/all-reports-derivatives,https://nsearchives.nseindia.com/content/fo/NSE_FO_contract_11082026.csv.gz,200,application/x-gzip,NSE_FO_contract_11082026.csv.gz,True,True,AVAILABLE_AND_PARSEABLE,78698,640,MII_FO_CONTRACT_FILE,aacbae14af03b98661bfaa4ebfa6dfc5700ebf66473363d633f3ea0a49f001ba,
2026-08-11,True,settlement,https://www.nseindia.com/all-reports-derivatives,https://nsearchives.nseindia.com/content/fo/fo_settlement_11082026.csv,404,text/html;charset=UTF-8,fo_settlement_11082026.csv,False,False,NOT_ATTEMPTED,0,0,FO_DAILY_SETTLEMENT,,NOT_PUBLISHED_FOR_DATE
2026-08-11,True,span_eod,https://www.nseindia.com/all-reports-derivatives,https://nsearchives.nseindia.com/content/fo/nsccl.20260811.s.zip,404,text/html;charset=UTF-8,nsccl.20260811.s.zip,False,False,NOT_ATTEMPTED,0,0,FO_SPAN_EOD,,NOT_PUBLISHED_FOR_DATE
2026-08-11,True,span_bod,https://www.nseindia.com/all-reports-derivatives,https://nsearchives.nseindia.com/content/fo/nsccl.20260811.i01.zip,404,text/html;charset=UTF-8,nsccl.20260811.i01.zip,False,False,NOT_ATTEMPTED,0,0,FO_SPAN_BOD,,NOT_PUBLISHED_FOR_DATE
2026-08-12,True,bhavcopy,https://www.nseindia.com/all-reports-derivatives,https://archives.nseindia.com/content/historical/DERIVATIVES/2026/AUG/fo12AUG2026bhav.csv.zip,404,text/html;charset=UTF-8,fo12AUG2026bhav.csv.zip,False,False,NOT_ATTEMPTED,0,0,LEGACY_FO_BHAVCOPY,,NOT_PUBLISHED_FOR_DATE
2026-08-12,True,bhavcopy,https://www.nseindia.com/all-reports-derivatives,https://nsearchives.nseindia.com/content/fo/BhavCopy_NSE_FO_0_0_0_20260812_F_0000.csv.zip,200,application/zip,BhavCopy_NSE_FO_0_0_0_20260812_F_0000.csv.zip,True,True,AVAILABLE_AND_PARSEABLE,34546,622,UDIFF_FO_BHAVCOPY,a93fa82a1b43c48cc646eeaa369aee438ab3cb2ca437d7ebb6f2fbd9603ccf91,
2026-08-12,True,contract,https://www.nseindia.com/all-reports-derivatives,https://nsearchives.nseindia.com/content/fo/NSE_FO_contract_12082026.csv.gz,200,application/x-gzip,NSE_FO_contract_12082026.csv.gz,True,True,AVAILABLE_AND_PARSEABLE,78608,640,MII_FO_CONTRACT_FILE,71cd0e75ceb9c280c962b2b75cfef12ade390f128a1cc9e34ac9da1a61ddaf59,
2026-08-12,True,settlement,https://www.nseindia.com/all-reports-derivatives,https://nsearchives.nseindia.com/content/fo/fo_settlement_12082026.csv,404,text/html;charset=UTF-8,fo_settlement_12082026.csv,False,False,NOT_ATTEMPTED,0,0,FO_DAILY_SETTLEMENT,,NOT_PUBLISHED_FOR_DATE
2026-08-12,True,span_eod,https://www.nseindia.com/all-reports-derivatives,https://nsearchives.nseindia.com/content/fo/nsccl.20260812.s.zip,404,text/html;charset=UTF-8,nsccl.20260812.s.zip,False,False,NOT_ATTEMPTED,0,0,FO_SPAN_EOD,,NOT_PUBLISHED_FOR_DATE
2026-08-12,True,span_bod,https://www.nseindia.com/all-reports-derivatives,https://nsearchives.nseindia.com/content/fo/nsccl.20260812.i01.zip,404,text/html;charset=UTF-8,nsccl.20260812.i01.zip,False,False,NOT_ATTEMPTED,0,0,FO_SPAN_BOD,,NOT_PUBLISHED_FOR_DATE
